0,ADIVINA LA FRUTA,*,*,<think>#Newline        <set name="remain"> Fresa Manzana Naranja kiwi Mandarina Pina Mango Melocoton Higo Ciruela Pera Platano Coco Aguacate Nuez Cereza </set>#Newline        <set name="frutas"> <get name="remain"/> </set>#Newline        <set name="vitaminas"> va vb vc </set>#Newline        <set name="caracteristicas">: </set>#Newline      </think>#Newline      <srai> calcula pregunta </srai>,Nivel3.aiml
0,SI,LA FRUTA ES *,*,Quieres volver a jugar,Nivel3.aiml
0,SI,QUIERES VOLVER A JUGAR,*,<srai> Adivina la fruta </srai>,Nivel3.aiml
0,NO,LA FRUTA ES *,*,Has hecho trampa#Comma esa es la unica fruta con estas caracteristicas <get name="caracteristicas"/>,Nivel3.aiml
0,SI,*,*,<think>#Newline        <set name="caracteristicas"> <get name="caracteristicas"/> <get name="pregunta"/> </set>#Newline        <set var="item"> <srai> iterate <get name="frutas"/> </srai> </set>#Newline        <condition var="item">#Newline          <li value="$"/>         #Newline          <li>#Newline            <set var="esta"> <srai> finditem <get name="pregunta"/> in <map> <name>frutas</name><get var="item"/> </map> </srai> </set>#Newline            #Newline            <condition value="0" var="esta">#Newline              #Newline              <set var="pos"> <srai> finditem <get var="item"/> in <get name="remain"/> </srai> </set>#Newline#Newline              <condition var="pos">#Newline              <li value="0"> </li>#Newline                <li> <set name="remain"> <srai> removeitem <get var="pos"/> in <get name="remain"/> </srai> </set> </li>#Newline              </condition>#Newline#Newline            </condition>#Newline#Newline          <set var="item"> <srai>next</srai> </set>#Newline          <loop/>#Newline        </li>#Newline      </condition>#Newline      <set var="cantidad_restante"> <srai> count <get name="remain"/> </srai> </set>#Newline      </think>#Newline      <condition var="cantidad_restante">#Newline        <li value="1">#Newline          La fruta es <get name="remain"/>#Newline        </li>#Newline        <li>#Newline          <srai> calcula pregunta</srai>#Newline        </li>#Newline      </condition>,Nivel3.aiml
0,NO,*,*,<think>#Newline      <set var="item"> <srai> iterate <get name="frutas"/> </srai> </set>#Newline#Newline      <set name="caracteristicas"> <get name="caracteristicas"/> no <get name="pregunta"/> </set>#Newline      <condition var="item">#Newline        <li value="$"/>         #Newline        <li>#Newline          <set var="esta"> <srai> finditem <get name="pregunta"/> in <map> <name>frutas</name><get var="item"/> </map> </srai> </set>#Newline#Newline          <condition var="esta">#Newline            <li value="0"> </li>#Newline            <li>#Newline#Newline              <set var="pos"> <srai> finditem <get var="item"/> in <get name="remain"/> </srai> </set>#Newline#Newline              <condition var="pos">#Newline                <li value="0"> </li>#Newline                <li> <set name="remain"> <srai> removeitem <get var="pos"/> in <get name="remain"/> </srai> </set> </li>#Newline              </condition>#Newline#Newline            </li>#Newline          </condition>#Newline#Newline          <set var="item"> <srai>next</srai> </set>#Newline          <loop/>#Newline        </li>#Newline      </condition>#Newline      <set var="cantidad_restante"> <srai> count <get name="remain"/> </srai> </set>#Newline      </think>#Newline      <condition var="cantidad_restante">#Newline        <li value="1">#Newline          La fruta es <get name="remain"/>#Newline        </li>#Newline        <li>#Newline          <srai> calcula pregunta</srai>#Newline        </li>#Newline      </condition>,Nivel3.aiml
0,CALCULA PREGUNTA,*,*,<think>#Newline      <srai> calcula opcion </srai>#Newline#Newline      <set var="item"> <srai> iterate <get name="remain"/> </srai> </set>#Newline      <set var="esta"> <srai> finditem <get name="pregunta"/> in <map> <name>frutas</name><get var="item"/> </map> </srai></set>#Newline#Newline      <condition var="item">#Newline        <li value="$">#Newline          <condition var="esta">#Newline            <li value="0"> </li>#Newline            <li>#Newline              <srai> calcula pregunta </srai>#Newline            </li>#Newline          </condition>#Newline        </li>#Newline        <li>#Newline          <condition var="esta">#Newline            <li value="0"> </li>#Newline            <li>#Newline              <set var="esta"> <srai> finditem <get name="pregunta"/> in <map> <name>frutas</name><get var="item"/> </map> </srai> </set>#Newline            </li>#Newline          </condition>#Newline#Newline          <set var="item"> <srai> next </srai> </set>#Newline#Newline          <loop/>#Newline        </li>#Newline      </condition>#Newline#Newline#Newline      <set var="tipo"> <srai>  finditem <get name="pregunta"/> in <get name="vitaminas"/> </srai> </set>#Newline#Newline      </think>#Newline      <condition var="tipo">#Newline        <li value="0"> Es <get name="pregunta"/> </li>#Newline        <li> Tiene <get name="pregunta"/> </li>#Newline      </condition>,Nivel3.aiml
0,CALCULA OPCION,*,*,<set var="cantidad"> <srai> count <get name="remain"/> </srai> </set>#Newline      <set var="pos"> <srai> random <get var="cantidad"/> </srai> </set>#Newline      <set var="elegida"> <srai> selectitem <get var="pos"/> in <get name="remain"/> </srai> </set>#Newline      <set var="caract"> <map><name>frutas</name><get var="elegida"/></map> </set>#Newline      <set var="cantidad2"> <srai> count <get var="caract"/> </srai> </set>#Newline      <set var="cont"> <srai> random <get var="cantidad2"/> </srai> </set> #Newline      <set name="pregunta"> <srai> selectitem <get var="cont"/> in <get var="caract"/> </srai> </set>,Nivel3.aiml
